Year,India_Population_Millions,Registered_Vehicles_Millions,Vehicles_Per_Capita
1951,361.1,0.31,0.0008584879534754915
1961,439.2,0.67,0.0015255009107468125
1971,548.2,1.87,0.0034111638088288945
1981,683.3,5.39,0.007888189667788672
1991,846.3,21.37,0.025251092993028478
2001,1028.7,55.0,0.05346553902984349
2011,1210.6,141.87,0.11718982322815134
2021,1393.4,334.55,0.24009616764748098
2025,1450.0,389.0,0.26827586206896553
